{
	"required": true,
	"package": "dev.latvian.kubejs.mixin.common",
	"compatibilityLevel": "JAVA_8",
	"mixins": [
		"BinomialDistributionGeneratorMixin",
		"BlockBehaviourMixin",
		"BlockMixin",
		"BlockStateBaseMixin",
		"BucketItemMixin",
		"ConstantIntValueMixin",
		"DataPackRegistriesMixin",
		"EntityMixin",
		"EntityTargetMixin",
		"FireworkRocketEntityMixin",
		"IngredientMixin",
		"ItemMixin",
		"ItemStackMixin",
		"LevelMixin",
		"LivingEntityMixin",
		"LootTablesMixin",
		"MinecraftServerMixin",
		"PlayerInteractionManagerMixin",
		"PlayerListMixin",
		"PlayerMixin",
		"RandomValueBoundsMixin",
		"RecipeManagerMixin",
		"ServerResourcesMixin",
		"SimpleReloadableResourceManagerMixin",
		"TagBuilderMixin",
		"TagCollectionReaderMixin",
		"TieredItemMixin",
		"UtilMixin"
	],
	"client": [
		"AbstractSelectionListMixin",
		"ImageButtonMixin",
		"ItemClientMixin",
		"KeyboardHandlerMixin",
		"MainWindowMixin",
		"MinecraftMixin",
		"OptionsMixin",
		"ResourceLoadProgressGuiMixin",
		"ScreenMixin"
	],
	"injectors": {
		"defaultRequire": 1
	},
	"minVersion": "0.8"
}