{
	"schemaVersion": 1,
	"id": "kubejs",
	"version": "${version}",
	"name": "KubeJS",
	"description": "Customize your modpack or server with JavaScript!",
	"authors": [
		"LatvianModder"
	],
	"contact": {
		"sources": "https://github.com/KubeJS-Mods/KubeJS",
		"issues": "https://github.com/KubeJS-Mods/KubeJS/issues"
	},
	"license": "GNU LGPLv3",
	"icon": "kubejs_logo.png",
	"entrypoints": {
		"main": [
			"dev.latvian.kubejs.fabric.KubeJSFabric"
		],
		"client": [
			"dev.latvian.kubejs.fabric.KubeJSFabric"
		],
		"server": [
			"dev.latvian.kubejs.fabric.KubeJSFabric"
		],
		"rei_plugins": [
			"dev.latvian.kubejs.integration.rei.REIPlugin"
		],
		"kubejs-init": [
			"dev.latvian.kubejs.integration.techreborn.TechRebornIntegration"
		]
	},
	"mixins": [
		"kubejs-common.mixins.json",
		"kubejs.mixins.json"
	],
	"depends": {
		"fabric": "*",
		"minecraft": "~1.16.5",
		"rhino": ">=1605.1.5-build.73",
		"architectury": ">=1.20.28"
	}
}
